{"cameraMode":{"drawMode":0,"name":"Shaded","section":"Shading Mode"},"sceneLighting":true,"audioPlay":false,"sceneViewState":{"showFog":true,"showMaterialUpdate":false,"showSkybox":true,"showFlares":true,"showImageEffects":true,"showParticleSystems":true},"in2DMode":false,"pivot":{"x":0.0,"y":1.1796766519546509,"z":-1.389700174331665},"rotation":{"x":-0.0005812308518216014,"y":-0.9977254271507263,"z":0.06684570759534836,"w":-0.008684278465807438},"size":26.417570114135743,"orthographic":false}