{"cameraMode":{"drawMode":0,"name":"Shaded","section":"Shading Mode"},"sceneLighting":false,"audioPlay":false,"sceneViewState":{"showFog":false,"showMaterialUpdate":false,"showSkybox":false,"showFlares":false,"showImageEffects":false,"showParticleSystems":true},"in2DMode":false,"pivot":{"x":-6.2260284423828129,"y":1.633300542831421,"z":-3.8147683143615724},"rotation":{"x":-0.059895552694797519,"y":0.42672884464263918,"z":-0.028337694704532625,"w":-0.9019490480422974},"size":12.602483749389649,"orthographic":false}