{"cameraMode":{"drawMode":0,"name":"Shaded","section":"Shading Mode"},"sceneLighting":false,"audioPlay":false,"sceneViewState":{"showFog":false,"showMaterialUpdate":false,"showSkybox":false,"showFlares":false,"showImageEffects":false,"showParticleSystems":true},"in2DMode":false,"pivot":{"x":-2.346386432647705,"y":-0.561931848526001,"z":-0.740509033203125},"rotation":{"x":-0.04756629467010498,"y":0.17234280705451966,"z":-0.008332263678312302,"w":-0.9838526248931885},"size":17.502338409423829,"orthographic":false}